{
	"class_success_rate" : 
	[
		95.284515380859375,
		96.414344787597656
	],
	"confusion_matrix" : 
	[
		[
			4203,
			162
		],
		[
			208,
			4356
		]
	],
	"succes_result" : 95.856201171875,
	"total_correct" : 8559,
	"total_wrong" : 370
}