{
	"class_success_rate" : 
	[
		96.628349304199219,
		94.92047119140625
	],
	"confusion_matrix" : 
	[
		[
			2522,
			99
		],
		[
			88,
			1850
		]
	],
	"succes_result" : 95.898223876953125,
	"total_correct" : 4372,
	"total_wrong" : 187
}