{
	"class_success_rate" : 
	[
		79.041099548339844,
		83.745124816894531
	],
	"confusion_matrix" : 
	[
		[
			577,
			125
		],
		[
			153,
			644
		]
	],
	"succes_result" : 81.454299926757812,
	"total_correct" : 1221,
	"total_wrong" : 278
}