{
	"class_success_rate" : 
	[
		97.868560791015625,
		97.216873168945312
	],
	"confusion_matrix" : 
	[
		[
			4959,
			159
		],
		[
			108,
			5554
		]
	],
	"succes_result" : 97.523193359375,
	"total_correct" : 10513,
	"total_wrong" : 267
}