{
	"class_success_rate" : 
	[
		98.041007995605469,
		97.480255126953125
	],
	"confusion_matrix" : 
	[
		[
			5355,
			134
		],
		[
			107,
			5184
		]
	],
	"succes_result" : 97.764381408691406,
	"total_correct" : 10539,
	"total_wrong" : 241
}