{
	"class_success_rate" : 
	[
		98.108383178710938,
		97.9193115234375
	],
	"confusion_matrix" : 
	[
		[
			3838,
			82
		],
		[
			74,
			3859
		]
	],
	"succes_result" : 98.013496398925781,
	"total_correct" : 7697,
	"total_wrong" : 156
}