{
	"class_success_rate" : 
	[
		81.148246765136719,
		88.978279113769531
	],
	"confusion_matrix" : 
	[
		[
			947,
			137
		],
		[
			220,
			1106
		]
	],
	"succes_result" : 85.186721801757812,
	"total_correct" : 2053,
	"total_wrong" : 357
}