{
	"class_success_rate" : 
	[
		95.493270874023438,
		96.218391418457031
	],
	"confusion_matrix" : 
	[
		[
			4259,
			169
		],
		[
			201,
			4300
		]
	],
	"succes_result" : 95.856201171875,
	"total_correct" : 8559,
	"total_wrong" : 370
}