{
	"class_success_rate" : 
	[
		96.511337280273438,
		98.359375
	],
	"confusion_matrix" : 
	[
		[
			3873,
			63
		],
		[
			140,
			3777
		]
	],
	"succes_result" : 97.415000915527344,
	"total_correct" : 7650,
	"total_wrong" : 203
}