{
	"class_success_rate" : 
	[
		96.998245239257812,
		97.686141967773438
	],
	"confusion_matrix" : 
	[
		[
			4427,
			101
		],
		[
			137,
			4264
		]
	],
	"succes_result" : 97.334526062011719,
	"total_correct" : 8691,
	"total_wrong" : 238
}