{
	"class_success_rate" : 
	[
		75.147926330566406,
		87.693557739257812
	],
	"confusion_matrix" : 
	[
		[
			889,
			151
		],
		[
			294,
			1076
		]
	],
	"succes_result" : 81.535270690917969,
	"total_correct" : 1965,
	"total_wrong" : 445
}