{
	"class_success_rate" : 
	[
		96.607772827148438,
		96.410980224609375
	],
	"confusion_matrix" : 
	[
		[
			2734,
			102
		],
		[
			96,
			2740
		]
	],
	"succes_result" : 96.509170532226562,
	"total_correct" : 5474,
	"total_wrong" : 198
}