{
	"class_success_rate" : 
	[
		96.675018310546875,
		96.452178955078125
	],
	"confusion_matrix" : 
	[
		[
			4245,
			161
		],
		[
			146,
			4377
		]
	],
	"succes_result" : 96.561767578125,
	"total_correct" : 8622,
	"total_wrong" : 307
}