{
	"class_success_rate" : 
	[
		97.315948486328125,
		98.071556091308594
	],
	"confusion_matrix" : 
	[
		[
			3807,
			76
		],
		[
			105,
			3865
		]
	],
	"succes_result" : 97.695144653320312,
	"total_correct" : 7672,
	"total_wrong" : 181
}