{
	"class_success_rate" : 
	[
		96.905830383300781,
		96.8673095703125
	],
	"confusion_matrix" : 
	[
		[
			4322,
			140
		],
		[
			138,
			4329
		]
	],
	"succes_result" : 96.886550903320312,
	"total_correct" : 8651,
	"total_wrong" : 278
}